Title,Keyword
"ğŸ¦ Carlsen's magic vs Dubov's Briliance | Magnus Carlsen vs Daniil Dubov - World Rapid Teams 2024",chess
"I Played Englandâ€™s Youngest Chess Master",chess
"ğŸ¦ Magnus Carlsen vs Hikaru Nakamura || Norway Chess 2024  #hikarunakamura #magnuscarlsen",chess
"My Grandmaster Mom Sneaked in to a Chess Tournament in London",chess
"When Pragg and Magnus are in the same team! #chess #shorts",chess
"Greatest Chess Move Ever",chess
"Indian Chess World Record ğŸ˜± #praggnanandhaa #gukesh #worldrecord",chess
"GUKESH vs. DING! FIDE WORLD CHESS CHAMPIONSHIP 2024 Game 3 | Will Gukesh Fight Back?",chess
"WIN AT CHESS in 6 moves!",chess
"Every Chess Tip Explained In 10 Minutes",chess
"Music for Work â€” Deep Focus Mix for Programming, Coding",coding
"4Ğº Relaxing Coding Screensaver Encrypted Programming Code Video VJ Loop no sound, no music",coding
"Chillstep Music for Programming / Cyber / Coding â€” Future Garage Playlist",coding
"Learn Programming with music time. You're Coding The Next Big Thing Playlist For Programmers",coding
"Lofi Beats for Programmer ğŸ“š Coding Music ğŸ’» Relaxing Music | Stress Relief",coding
"3 A.M Coding Session - Chillstep Beats to Keep You Going",coding
"Programming â–«ï¸ Coding â–«ï¸ Hacking â–«ï¸ Designing Music ğŸ¦ ",coding
"How I Learned to Code in 4 Months & Got a Job! (No CS Degree, No Bootcamp)",coding
"How To Make Coding Addictive",coding
"Learn To Code Like a GENIUS and Not Waste Time",coding
"finish your math homework #knifedad",math
"The Oldest Unsolved Problem in Math",math
"Becoming good at math is easy, actually",math
"The Insane Math Of Knot Theory",math
"Can You Pass This Maths Quiz...? â—ğŸ¤“âœ–ï¸ | Easy, Medium, Hard, Impossible",math
""Math Whiz!" Addition Song  /// Danny Go! Kids Learning Songs for Kindergarten",math
"Colourful Math For Kids! | Numberblocks 1 Hour Compilation | 123 - Numbers Cartoon For Kids",math
"simple math",math
"I hate MathğŸ˜° HELP #shorts #shortswithcamilla #remusbujor #maths",math
"Animation vs. Math",math
"How to ACTUALLY learn to code... 7 Roadmaps for 2023",coding
"4Ğº Relaxing Coding Screensaver Encrypted Programming Code Video VJ Loop no sound, no music",coding
"Programming â–«ï¸ Coding â–«ï¸ Hacking â–«ï¸ Designing Music ğŸ¦ ",coding
"Best Programming Languages #programming #coding #javascript",coding
"Should you still learn to code? ğŸ¤¨ #coding",coding
"How I Learned to Code in 4 Months & Got a Job! (No CS Degree, No Bootcamp)",coding
"Coding for 1 Month Versus 1 Year #shorts #coding",coding
"FASTEST Way to Learn Coding and ACTUALLY Get a Job",coding
"Learn Programming with music time. You're Coding The Next Big Thing Playlist For Programmers",coding
"Learn To Code Like a GENIUS and Not Waste Time",coding
"coding is shockingly uncomplicated",coding
"Music for Work â€” Deep Focus Mix for Programming, Coding",coding
"What programming language you should learnğŸ‘©â€ğŸ’»(based off your interests) #programming #technology",coding
"20 Programming Projects That Will Make You A God At Coding",coding
"Amazing Flower Design using Python turtle ğŸ¢ #python #coding #funny #viral #trending #design",coding
"How Do I Learn About Hacking? #programming #lowcode #tech #codinglessons #security",coding
"Is Coding Still Worth Learning in 2024?",coding
"ASMR Programming - Coding Pacman - No Talking",coding
"How To Make Coding Addictive",coding
"How I Would Learn To Code (If I Could Start Over)",coding
"I LEARNED CODING IN A DAY #shorts",coding
"FASTEST Way To Learn Coding and ACTUALLY Get A Job",coding
"before you code, learn how computers work",coding
"2-Minute Rule to Learn Coding - Atomic Habits",coding
"Amazing Rotating Python Graphics Design using Turtle ğŸ¢ #python #pythonshorts #coding #viral #design",coding
"How To Study Programming The Lazy Way",coding
"The FUNNIEST Comments left in code ğŸ’»ğŸ’€ #developer #softwaredeveloper #technology #tech #code",coding
"Nesting "If Statements" Is Bad. Do This Instead.",coding
"The 5 most HATED programming languages ğŸ‘©â€ğŸ’» #programming #technology #software #career",coding
"I HATE This Coding Question, but FAANG Loves it! | Majority Element - Leetcode 169",coding
"Coding for Kids Explained | What is Coding | Why is Coding Important",coding
"EVERY programmer should follow this principle ğŸ‘©â€ğŸ’» #technology #programming #software #career #code",coding
"Easiest Programming language to start with to earn money",coding
"Create a Spiderman using python coding |python programer| #tech #python #coding",coding
"what 10 years of coding looks likeâ€¦",coding
"This is Why Programming Is Hard For you",coding
"Engineer Vs Programmer ğŸ˜ƒ",coding
"College Student Fixes Coding Bug ğŸ› #programming #coding #computerscience",coding
"1 Year of Coding #programming #comedy #coding",coding
"Coding Interviews in 2024 be like...",coding
"How to Learn to Code - 8 Hard Truths",coding
"Demure code reviewer ğŸ˜Œ #coding #demure",coding
"What GAME ENGINE should you use? ğŸ‘¾ #programming #tech #code #software #gamedev #technology #gaming",coding
"Can I remake those SH*TTY mobile games in 1 HOUR?",coding
"How to create graphics using Python turtle ğŸğŸ¢ #coding",coding
"How I would learn to code (If I could start over)",coding
"5 Years of Coding in under a Minute #shorts",coding
"ALL Python Programmers Should Know This!! #python #programming #coding",coding
"#shorts #programming #coding #css #html #javascript #ui #ux #design #programmers",coding
"Stanford Computer Scientist Answers Coding Questions From Twitter | Tech Support | WIRED",coding
"Why Is C SO Dangerous?  #programming #coding #lowcode",coding
"Peak Production Code",coding
"Sum of two number in c++ programming | c++ coding | programming in c++ language | cpp programming",coding
"Letâ€™s playâ€¦ Does your code suck? JavaScript Variables Edition",coding
"Code editor hacks every developer wishes they knew sooner! #programming #vscode #webdevelopment",coding
"Programming Curves",coding
"PROGRAMMING for kids ğŸ‘¦ Basic concepts ğŸ’» Part 1",coding
"Top 3 AI Tools for Programmers ğŸ‘¨â€ğŸ’»",coding
"ASMR Programming - Coding IOS (IPhone) Dynamic Music - No Talking",coding
"Python or Java? | Which Programming Language is THE BEST in 2024 | #Coding #Python #Java #Shorts",coding
"Software Engineer Expectation ğŸ‘¨ğŸ»â€ğŸ’»vs Reality ğŸ˜‚ #shorts #softwareengineer",coding
"Your first code review ğŸ˜¬ #coding",coding
"The WORST Code EVER!? ğŸ’€ #developer #softwaredeveloper #coding #gaming #technology",coding
"Programming",coding
"What a typical day of a programmer can look like ğŸ’» #coder #softwareengineer",coding
"how programmers *actually* review code #programming",coding
"Fastest way to learn Python #coding #python #programming",coding
"The best thing you can do with JavaScript #javascript #programming",coding
"learn Arduino programming in 20 seconds!! (Arduino projects)",coding
"The HARDEST part about programming ğŸ¤¦â€â™‚ï¸ #code #programming #technology #tech #software #developer",coding
"What code editor should you use? ğŸ‘©â€ğŸ’» #technology #programming #software #career #productivity",coding
"After learning HTML for one day from YouTube and W3Schools.",coding
"Free Websites to Learn Coding",coding
"Squares | HTML CSS",coding
"Coding Adventure: Sound (and the Fourier Transform)",coding
"Subscribe for more coding tips!â¬†ï¸ #javascript #coding #programming #school #codelife",coding
"Coding without AI #coding #demure",coding
"How Senior Programmers ACTUALLY Write Code",coding
"The WORST Programming Languages EVER #shorts",coding
"How to confuse a Python Developer?",coding
"I learned coding at 25",coding
"Day 023 - ğŸ¤¯ Css order button v2 design #coding #programming #cssanimation #webdevelopment #css #html",coding
"The WORST Coding Standards EVER ğŸ’€ #developer #softwaredeveloper #code #technology #coding",coding
"Day 1 as a Software Engineer #programming #coding #codingmemes",coding
"Interview Question | C Programming Language",coding
"This is the best way to learn C++ for free",coding
"Your First Coding Job #softwaredeveloper #coding #programming #computerscience",coding
"The Best Way To Learn Programming",coding
"Boost Your Coding Skills Fast: Simple Tips for Effective Practice! #code #shorts",coding
"Subscribe for more coding tipsâ¬†ï¸ #program #python #codingninja #codingschool #aihacks #college #css3",coding
"Coding Your Dumb Ideas Into Minecraft",coding
"when the client isnâ€™t technicalâ€¦",coding
"Computer Programming à¤¸à¥€à¤–à¥‹ à¤–à¥à¤¨à¥à¤¦à¤• à¤–à¤¾ à¤•à¥‡ | #shorts | #programming | #computer | #coding",coding
"Comments vs NO Comments in ProgrammingğŸ‘©â€ğŸ’» #softwaredeveloper #programming #technology #tech #code",coding
"4 Steps to Solve Any Dynamic Programming (DP) Problem",coding
"Create App Without Coding ğŸ˜ How to make mobile app no code #programming #technology #tech #android",coding
"Software I use as a programmer ğŸ‘©â€ğŸ’» #technology #programming #software #career #productivity",coding
"This rubber duck can debug your code",coding
"programming language, speed compilation #c++ #golang #rust",coding
"Learn Coding through Games ğŸ˜± #shorts #shortsvideo #programming",coding
"Junior vs Senior programmers ğŸ¥² #coding",coding
"3 Coding Languages for 2022",coding
"Demure python code ğŸ˜Œ #coding #demure",coding
"When Your Crush Knows Morse Code ğŸ’€ #electronics #arduino #engineering",coding
"Fast Food App in React Native ğŸ”¥ #shorts #reactnative #expo #reactjs #app #ui",coding
"Lofi Beats for Programmer ğŸ“š Coding Music ğŸ’» Relaxing Music | Stress Relief",coding
"Why Some Programmers Code Like Yoda",coding
"Coding Songs Compilation! | Learning About Computer Programming | Scratch Garden",coding
"3 EASY Python Project Ideas!! #python #programming #coding",coding
"Top 5 Highest Paying Programming Languages",coding
"How To Start Programming Projects The Lazy Way",coding
"They REMADE Python with BRACKETS ğŸ’€ #developer #softwaredeveloper #code #coding #developer #python",coding
"Who Else Can Relate | Function and Return Statement | Coding Blocks! #code #codingblocks #coding",coding
"What is Python?",coding
"Programming vs coding? | What's the difference?",coding
"Created Reptile | HTML | CSS | Javascript #youtubeshorts #trending #coding #animation",coding
"When the project is deployed for production | Who else can relate | Coding Blocks! #code",coding
"REST APIs Explained in 30 secs #javascript #python #web #coding #programming",coding
"Which Programming Language Do Developers Prefer in 2024? | Intellipaat #Shorts #ProgrammingLanguage",coding
"I Didnâ€™t Believe that AI is the Future of Coding. I Was Right.",coding
"Senior Programmers vs Junior Developers #shorts",coding
"Top 5 Coding Languages To Get a Job",coding
"C vs Python Speed Test #cpp #python #programming #code",coding
"Subscribe for more coding tips!ğŸ”¥#aitools2024 #aicoding #codingclasses #coderslife #codinglife",coding
"How to Start Coding in 2024? Learn Programming for Beginners | Placements & Internships",coding
"I tried 10 code editors",coding
"Programming Language Tier List",coding
"This VS Code Extension Is ğŸ”¥ğŸ”¥",coding
"Lecture 1: Introduction to CS and Programming Using Python",coding
"Why your code sucks ğŸ™‚ #coding",coding
"C++ or Java? Comment below  #codingninjas #coding #programming #java #c++",coding
"Subscribe for more Coding Tips!ğŸ”¥ Subscribe for more Coding Tips!ğŸ”¥",coding
"Pygame - Create game in python || Pygame python tutorial #python #pygame",coding
"This game was written in the HARDEST programming languageğŸ‘©â€ğŸ’» #programming #technology #software",coding
"Hello World in different programming languages #programming #memes",coding
"Complete roadmap for developers #coding #webdesign #roadmap",coding
"Do You Like C or C++ More ? #programming #coding #lowcode",coding
"The Ultimate Programming Language Showdown: C++ vs C# vs Java vs Python",coding
"How I replaced gaming with coding",coding
"Harvard CS50â€™s Introduction to Programming with Python â€“ Full University Course",coding
"Subscribe for more coding tips!â¬†ï¸ Subscribe for more Coding Tips!ğŸ”¥",coding
"Kids vs Legends ğŸ”¥ğŸ‘¨ğŸ»â€ğŸ’» #coding #shorts #tech #programming",coding
"Using hinge to find coders? ğŸ¤¨ #coding",coding
"ğ˜ğ¨ğ® ğšğ«ğ ğœğ¨ğğ¢ğ§ğ  ğš ğ§ğğ° ğğ±ğœğ¢ğ­ğ¢ğ§ğ  ğ©ğ«ğ¨ğ£ğğœğ­ | ğ“ğ¡ğ ğ’ğ¨ğœğ¢ğšğ¥ ğğğ­ğ°ğ¨ğ«ğ¤ ğ’ğ¨ğ®ğ§ğğ­ğ«ğšğœğ¤",coding
"Coding a game in Python #Shorts #Python",coding
"I Don't Like Cybersecurity Degrees  #programming #coding #lowcode",coding
"Python or Java? #codingninjas #coding #java #python",coding
"Best Programming Language For AI in 2024 | Intellipaat #Shorts #AI #Python",coding
"One Tip to learn Coding Fast!",coding
"Unhinged sorting algorithms ğŸ˜µâ€ğŸ’« #coding",coding
"Top 5 programming courses",coding
"JavaScript Developers TRYING to Use TypeScript",coding
"Coding with OpenAI o1",coding
"My Unconventional Coding Story | Self-Taught",coding
"Coding Decoding | Reasoning Trick | SSC, Railway #shorts #vaishalijain",coding
"How to Start in Embedded Programming #programming #lowcode #tech #codinglessons #security",coding
"Stop solving 500+ Leetcode problems",coding
"C++ is Great",coding
"My ULTIMATE Programming Setup ğŸ‘©â€ğŸ’» #programmer #technology #coder #softwaredeveloper #software",coding
"Coding - decoding questions Easy Solutions ğŸ¤«/Coding - decoding tricks ğŸ¤”",coding
"Programmers VS Software Engineers EXPLAINED ğŸ‘©â€ğŸ’» #programmer #technology #coder #engineering",coding
"Coding Adventure: Optimizing a Ray Tracer (by building a BVH)",coding
"Coding Adventure: Rendering Text",coding
"When You Use Vanilla CSS After Using Tailwind ğŸ’€ #tailwindcss #css #webdevelopment #frontenddeveloper",coding
"An introduction to Shader Art Coding",coding
"Tips for beginners in programming ğŸ‘©ğŸ»â€ğŸ’» #softwaredeveloper #programming #coding",coding
"Why should you learn flutter in 2024",coding
"how NASA writes space-proof code",coding
"4 Reasons Good Programmers FAIL Coding Interviews",coding
"The Sob Story of Every CoderğŸ˜­ | Why Coding is Hard? | Intellipaat #Shorts #Coding #Coders",coding
"Claude | Computer use for coding",coding
"5 Easiest Coding Language to learn (my opinion)",coding
"Solid Programming - No Thanks",coding
"everyone can code now?",coding
"Power ğŸ’ª of Computer science engineeringğŸ‘¨â€ğŸ”§ / must watchğŸ˜…. CSE whatsApp status ğŸ”¥. #Programing loverğŸ˜",coding
"Medical coding Basics #abbrevations #medicalcoding",coding
"Python Explained for Kids | What is Python Coding Language? | Why Python is So Popular?",coding
"Why Cursor Is The Best AI Code Editor #softwareengineer #coding #developer #ai #programming",coding
"Situation of every Developer | Who else can relate | Coding Blocks! #code #codingblocks #developer",coding
"Coding Challenge 180: Falling Sand",coding
"How I Tricked My Brain to Be Addicted to Coding (The Dopamine Hack)",coding
"Best Code Editor? | Programming Tier List",coding
"English is necessary.#coding #javascript #programming #english",coding
"Subscribe for more Coding Tips!ğŸ”¥ Subscribe for more Coding Tips!ğŸ”¥ Subscribe for more Coding Tips!ğŸ”¥",coding
"Here are some effective coding tips for beginners",coding
"AVOID THIS CODING INTERVIEW MISTAKE!",coding
"Music for Work â€” Deep Focus Mix for Programming, Coding",coding
"5 ways to master programming logic ğŸ”¥",coding
"No Code App Development is a Trap",coding
"Errors in my code #coding #computerscience #programming",coding
"Free AI for Coding That Writes & Fixes Your Code!",coding
"Master One Programming Language for Career Success! ğŸš€ #programming #coding",coding
"Day 039 - ğŸ¤¯ Micro Css Radio button animation #coding #webdevelopment #frontend #html #css #webdev",coding
"What is Embedded Programming? #programming #lowcode #tech #codinglessons #security",coding
"Coding Adventure: Ray Tracing",coding
"ibispaint brush qr codes part 2",coding
"Why is Coding Important?",coding
"One Effective Trick to Learn Coding Fast (Works in 2024)",coding
"What is the difference between JavaScript and TypeScript ?! #tech #coding #stem",coding
"Can you Solve this Google Interview Question? | Puzzle for Software Developers",coding
"The Future of Coding Is Finally Here | llamaCoder",coding
"HATE CODING? 20LPA+ NON-TECH JOBS ğŸ’¸ #Jobs #nontechjobs",coding
"DevOps Learning Path for Beginners ğŸ‘‡",coding
"24 hours on one coding problem",coding
"Video Game Coding with OpenAI o1",coding
"Which Coding Language should you start with in 2024? For Beginners",coding
"Python for Beginners â€“ Full Course [Programming Tutorial]",coding
"if â€œnormalâ€ job interviews were like coding interviews",coding
"Top 5 programming books",coding
"Best Coding App for PhonesğŸ”¥",coding
"What is Coding? How to Learn as Beginner? 2022",coding
"Avoid This Coding Interview Mistake!",coding
"Learn Any Programming Language In 3 Hours!",coding
"Coding Without a Degree?",coding
"Best 5 Mobile Apps for Programming",coding
"Web Developer's Life be Like!",coding
"Coding Decoding | coding decoding reasoning tricks | CODING DECODING Reasoning Tricks in Hindi",coding
"Programming a first person shooter from scratch like it's 1995",coding
"Functional Programming in 60 Seconds ğŸ‘©â€ğŸ’» #tech #programming #software #python #javascript",coding
"How to make money from Coding? 5 ways to earn without a job or degree",coding
"Coding Vs Programming!! #shorts #coding #programming",coding
"How to Start Coding? Learn Programming for Beginners",coding
"Python Trick I HAD To Share!! #python #programming #coding",coding
"After changing One line of Code | Who else can relate | Coding Blocks! #code #codingblocks",coding
"How to Learn Coding In Telugu - 4 Simple Steps | Step 1 | Programming for Beginners | Entri Elevate",coding
"Start coding with PYTHON in 5 minutes! ğŸ",coding
"He is not a programmer for sure ğŸ¤¡                            #coding #programming #ai #tools",coding
"Is math really needed toÂ code? ğŸ¤” | Mathematics | Coding | Engineering | GFG",coding
"Making a Scratch Game In 1 Minute Vs 1 Day",coding
"JavaScript Coding Interview Question | @ApnaCollegeOfficial",coding
"Subscribe for more coding tipsğŸ”¥ #coding #programming #python #javascript #trending #aitools #css",coding
"Ab India seekhega Coding â¤ï¸",coding
"Benefits of Coding ğŸ”¥ğŸ”¥",coding
"CODING FOR BEGINNERS AND  INTRODUCTION TO PROGRAMMING TAGALOG",coding
"Thinking about which programming language to start with? #shorts #fullstack",coding
"Windows Vs Linux Vs Mac for Coding ğŸ’»",coding
"Coding Your Explosive Minecraft Ideas",coding
"What happens when you LIE on your resume #softwaredeveloper #coding #workplacehumor",coding
"If I'd Start Over, I'd Learn Coding Like THIS",coding
"bro is the final boss #coding #programming #javascript #python",coding
"6 years of coding in 60 seconds",coding
"Be smart . #javascript #programming #coding ##interview #job #smart",coding
""Don't Learn to Code, But Study This Instead..." says NVIDIA CEO Jensen Huang",coding
"I built a QR code with my bare hands to see how it works",coding
"What Are Python DECORATORS?? #python #programming #coding",coding
"Decimal to Roman #coding #programming",coding
"use this lifehack to become better at coding #coding #lifehacks #softwareengineer",coding
"Is Maths required for coding?",coding
"3 programming mistakes most beginners make",coding
"Creating YOUR CRAZY Programming Ideas!",coding
"Apa Itu CODING dan Bagaimana Cara Mempelajarinya?",coding
"Coding Was HARD Until I Learned These 5 Things...",coding
"Coding a Fractal Tree in 60 Seconds #programming #shorts",coding
"What to learn in 2024 ğŸ¤”               #coding #programming #mern #dsa #ai #2024",coding
"Top Architectural Patterns #javascript #python #web #coding #programming",coding
"Coding has changed a lot.",coding
"Coding Interview Questions that will Blow your Mind",coding
"ASMR Programming - Animated Login Page - No Talking",coding
"Part 1 - DSA important?                      #coding #programming #dsa #improtant",coding
"BroToType | Malayalam Learning Club | Free Coding Workshop | May 10th - 31st",coding
"Python Full Course for free ğŸ (2024)",coding
"Coding, decoding #youtubeshort #viralshort",coding
"OpenAIâ€™s new â€œdeep-thinkingâ€ o1 model crushes coding benchmarks",coding
"ASMR Programming - Starbucks Home Page - No Talking",coding
"3 Coding Projects to Break the Coding Barrier (w/ Instructions Included)",coding
"pov: you're coding a 3d engine",coding
"GTA3 Code Review: Weapons, Vehicles, Cops and Gangs",coding
"I Built a Neural Network from Scratch",coding
"Why you FEEL like an â€œImposterâ€ ğŸ‘©â€ğŸ’» #tech #software #programming #developer #code #technology",coding
"Scratch Tips and Tricks/Hacks",coding
"Subscribe for more coding tipsğŸ”¥#coder #programmer #trending #java #python #aitools #codingninja",coding
"Part 1 | Introduction To Programming | 3-Hour Coding Challenge",coding
"Use REACT in coding interviews",coding
"Best AI Coding Tools for Developers in 2024",coding
"Python CLASSES in 50 Seconds! ğŸ”¥ğŸ‘¨â€ğŸ’» #shorts",coding
"How many programming languages needed for Placement/Internship in Top Companies  #placement #coding",coding
"Feeling of every Tester | Who else can relate | Coding Blocks! #code #codingblocks #tester",coding
"Geometry Dash â€“ "How to make a Scratch Game"",coding
"Coding is just the tip of the iceberg #coding #programming #javascript #python",coding
"How to Build Websites Without Coding",coding
"Hackathon Jeetne Ke Liye Aise Team BanaoğŸ¤¯ #hackathon #coding #techvlog #minivlog #btech #sih #vlog",coding
"Not my cup of tea.#javascript #programming #coding #viral #trending",coding
"How to Start Learning Coding | How to Learn Coding for Beginners | Computer Coding Course",coding
"Eliminate your coding distractions ğŸ’»",coding
"Top 10 Scratch Game Tutorials by Griffpatch",coding
"Hackathon Winning Project ğŸ¤¯ #hackathon #coding #hackathons #vlog #btech #btechprojects #cse code",coding
"Code VS Visual Studio",coding
"How I would learn to code (If I could start over)",coding
"Making a Game with Java with No Experience",coding
"How to Secure PHP Forms | Prevent XSS Attacks #phpdeveloper  #php  #coding  #programming",coding
"How is Apple M4 Mac Mini for Programming - AI - Coding - React JS",coding
"Programming ğŸ‘€ğŸ™ƒ #study #coding #engineering #engineer #programming #collegelife @Debug_Dominators",coding
"My Favorite VS Code Extension ğŸ”¥",coding
"5 AI tools for all CodersğŸ™ŒğŸ»",coding
"How to Start Coding in 2024? Learn Programming in 2024 for Beginners ğŸ”¥",coding
"CODING AND DE CODING Full video Part-I / Kuber Adhkari",coding
"Subscribe for more Coding Tips!ğŸ”¥#coding #codingforbeginners #youtubesummarization #ai",coding
"Coding Ninjas 9 Month Job Bootcamp",coding
"Solar System | HTML CSS",coding
"Full Guide Belajar CODING untuk Pemula ğŸ’»ğŸ“š",coding
"4Ğº Relaxing Coding Screensaver Encrypted Programming Code green Video VJ Loop no sound. no music",coding
"Claude has taken control of my computer...",coding
"Tech related Job without Coding",coding
"Web Development Roadmap 2025 with GenAI",coding
"How to effectively learn Algorithms",coding
"I Solved 100 LeetCode Problems",coding
"60 LPA to thoda muskil hai #coding #ezsnippet",coding
"The  Ultimate Python Programming Roadmap (Before you Start)ğŸ",coding
"Visualize data structures and algorithms",coding
"Coding a Custom Minecraft Horror Dimension to Keep a Secret",coding
"Free Coding AI for EveryoneğŸ”¥",coding
"FTP Explained in 60 Seconds ğŸ’»ğŸ‘©â€ğŸ’» #software #technology #code #coding #programming #programmer",coding
"Css Animation Effects Tutorial  | HTML | CSS",coding
"Is Python the Coding Language of the Future? A Brief Analysis",coding
"Don't start coding before watching this! | Must watch for beginners! | Coding Mistakes ğŸ˜©",coding
"Web3 vs Web2: Internet ka Future! ğŸš€ #hackathon #web3 #coding #minivlog #web3community #code #vlog",coding
"How to Start Coding and Master in it? | Learn Coding in Malayalam with Entri Elevate",coding
"Arduino MASTERCLASS | Full Programming Workshop in 90 Minutes!",coding
"Belajar Coding Web Untuk Pemula Mulai Dari Mana",coding
"How to Start Coding for Beginners || Roadmap for 24 LPA JOBs || Honest Roadmap",coding
"Is No-Code cheaper than Coding?",coding
"Epic Free Coding Courses I used to crack 35LPA+ SalaryğŸ”¥",coding
"The Complete Data Science Roadmap [2024]",coding
"Pikachu | HTML CSS JavaScript",coding
"9/100 Tricks: HTML CSS JS Animation and Effects #htmlcss #webdevelopment #frontend #coding",coding
"How to start Coding in 1st Year? for College Students | Tech Internship/Placement",coding
"#01 Introduction to Java Programming Tutorial Series | For Beginners in Tamil | Error Makes Clever",coding
"Python in Kannada - Introduction to Coding and Python | Full Course for Beginners - #1",coding
"Better way of writing css              #coding #programming #css #ezsnippet",coding
"2 Years of C++ Programming",coding
"Learn Python in 1 hour! ğŸ (2024)",coding
"Setting Up My M4 MacBook Pro For Programming",coding
"ASMR Programming - Weather App With Javascript - No Talking",coding
"Creative Agency Jobs You Should Try for an Exciting Career!âœ¨ #coding",coding
"How to Make a Subway Surfers Game - Episode 1",coding
"Best Language to start your coding journey!! #pwskills #coding",coding
"Can AI Code a Horror Game? Watch ChatGPT Try",coding
"Introduction to Python Programming | Python for Beginners #lec1",coding
"C++ Full Course for free âš¡ï¸",coding
"HTML Tutorial for Beginners | Complete HTML with Notes & Code",coding
"Learn about hover in css #coding #programming #css #csstricks #animation #hovereffects",coding
"á‹­áˆ… á‹•á‹µáˆ áŠ¥áŠ•á‹³á‹«áˆ˜áˆáŒ£á‰½áˆ ! áŠ áˆáŠ‘áŠ‘ á‰°áˆ˜á‹áŒˆá‰¡ | Ethiopian Coders Initiative | Free Programming Course in Ethiopia",coding
"Python Full Courseâ¤ï¸ | Variables & Data Types | Lecture 1",coding
"LIFE AS A TECHIE | coding vlog, mini set-up tour, gaming, cafe",coding
"web design #HTML#BASIC DESIGN IN HTML",coding
"ğŸš€ğŸ”¥ JAVA Complete Course Part-1 (2024) | 100+ Programming Challenges",coding
"CODING AND DECODNG BEST SHORTCUT TRICKS FOR ALL APPSC/TSPSC GROUP 1,2,3,4 BANK, SSC, RAILWAY & EXAMS",coding
"ASMR Programming - Flappy Bird - No Talking",coding
"Effective Neovim setup for web development towards 2024",coding
"Ù…Ø§Ù‡ÙŠ Ø§Ù„Ø¨Ø±Ù…Ø¬Ø© ÙˆÙƒÙŠÙ ØªØªØ¹Ù„Ù…Ù‡Ø§ : ØªØ¹Ù„Ù… Ø§Ù„Ø¨Ø±Ù…Ø¬Ø© Ù„Ù„Ù…Ø¨ØªØ¯Ø¦ÙŠÙ† Ù…Ù† Ø§Ù„ØµÙØ± Ù¡",coding
"Complete git and Github course in Hindi",coding
"à²•à³‹à²¡à²¿à²‚à²—à³â€Œ à²°à²¹à²¸à³à²¯! | Coding Explained | Programming Language | C++, Java, Python | Masth Magaa | Amar",coding
"Delete in js                            #coding #programming #js #javascript #delete",coding
"HackSussex Coders' Cup 2024",coding
""Math Whiz!" Addition Song  /// Danny Go! Kids Learning Songs for Kindergarten",math
"How to make Notes for Coding? Data Structures & Algorithms",coding
"Code Flappy Bird in Java",coding
"Maths Quiz for kids | Multiplication table Quiz for kids | Quiz Time |",math
"The Oldest Unsolved Problem in Math",math
"Can You Pass This Maths Quiz...? â—ğŸ¤“âœ–ï¸ | Easy, Medium, Hard, Impossible",math
"Complete Coding Decoding by Ajay Sir | Coding Decoding For SSC GD, CGL, CHSL, NTPC, GROUP D etc.",coding
"Colourful Math | Full Episodes | Learn to Count - @Numberblocks",math
"12 divided by 2 times 3 all over 2 =? A BASIC Math problem MANY will get WRONG!",math
"CODING DECODING || à¤¬à¤¿à¤²à¥à¤•à¥à¤² à¤¶à¥à¤¨à¥à¤¯ à¤¸à¥‡ à¤¶à¤¿à¤–à¤° à¤¤à¤• || à¤°à¤¾à¤®à¤¬à¤¾à¤£ à¤Ÿà¥à¤°à¤¿à¤• à¤¤à¤¾à¤•à¤¿ à¤—à¤§à¤¾ à¤­à¥€ à¤¸à¤¾à¤¤ à¤œà¤¨à¥à¤® à¤¯à¤¾à¤¦ à¤°à¤–à¥‡",coding
"Happy ğŸª”Diwali | Complete Coding Decoding | One  Shot Video | Reasoning By Vikramjeet Sir #coding",coding
"Animation vs. Math",math
"bugs attract hackers #bugbounty #hacking #coding #bugs #xss",coding
"Logic Building in Programming - 5 Proven Strategies (2024) ğŸ”¥",coding
"finish your math homework #knifedad",math
"C Language Tutorial for Beginners (with Notes & Practice Questions)",coding
"Coding Decoding Reasoning Tricks | Class 01 | Reasoning For UPP, SSC GD, RPF, Railway, by Ajay Sir",coding
"math tests be like!! ğŸ¤£ğŸ¤£  (4k memes)  #fyp #viral",math
"Membuat WEBSITE Kedai Kopi RESPONSIVE dengan HTML & CSS dari 0 + Autodeploy ke WEB HOSTING",coding
"Mental Math Tricks",math
"ØªØ¹Ù„Ù… Ø§Ù„Ø¨Ø±Ù…Ø¬Ø© | Ø´Ø±Ø­ Ø¨Ø§ÙŠØ«ÙˆÙ† | Ù…Ù‚Ø¯Ù…Ø© ÙƒØ§Ù…Ù„Ø© ÙÙŠ Ø§Ù„Ø¨Ø±Ù…Ø¬Ø© Ù…Ù† Ø§Ù„ØµÙØ± - Programming Crash Course with Python",coding
"C Programming in One Shot | Part 1 | Variables, Operators and Input/ Output | C Complete Course",coding
"Human Calculator Solves Worldâ€™s Longest Math Problem #shorts",math
"Watch this before you start Coding! | 10 Tips for Coders",coding
"Colourful Math For Kids! | Numberblocks 1 Hour Compilation | 123 - Numbers Cartoon For Kids",math
"CSS Tutorial for Beginners | Complete CSS with Project, Notes & Code",coding
"Coding Decoding Reasoning Trick | Reasoning Trick | Maths Trick | imran sir maths",coding
"Does Pi Equal 2?? (Spoiler: no)",math
"Becoming good at math is easy, actually",math
"ASMR Programming - Spotify Desktop App - No Talking",coding
"what happened to hello, how are you, my name is #math #mathclass #duolingomath",math
"x/4 + 8/x = 3 This Algebra Equation is NOT so simple!",math
"Maths Quiz for kids | Multiplication table Quiz for kids | Quiz Time",math
"Harvard CS50 (2023) â€“ Full Computer Science University Course",coding
"What is Coding? | Explained in Telugu | Coding for Beginners | What is Coding & Programming | Entri",coding
"Math Quiz for Kids | One Digit Addition Quiz | Mental Math Quiz for Kids | Quiz Time",math
"WTF? This Is How They Teach Math to Kids Now",math
"How To Solve Math Percentage Word Problem?",math
"The Insane Math Of Knot Theory",math
"Python Tutorial For Beginners in Hindi | Complete Python Course ğŸ”¥",coding
"Introducing Duolingo Math",math
"simple math",math
"Mini Math Movies Compilation! | Math Video Collection | Scratch Garden",math
"What's the MOST DIFFICULT Math Concept You've Ever Seen?",math
"Build an Uber Clone App with MERN Stack | Complete 11 Hour Masterclass (2025)",coding
"Complete C++ Tutorial in One Shot 2023 | Beginner To Advance | Basics Of C++ Programming",coding
"Can you solve this equation?",math
"Maths vs Physics",math
"JavaScript Full Course for free ğŸŒ (2024)",coding
"Can you guess the math formula?",math
"Medical Coding Tutorial For Beginners - Medical Coding Classes",coding
"1 vs 100,000 Digit Math Problem!",math
"Six Trigs in 60 Seconds! #math #trigonometry",math
"Java Programming Full Tutorial in One Video (2024) | Java full course",coding
"Math vs Biology | #marvel #shorts #vs #dc #math #biology",math
"Finding the Next Number in the Series | Math Riddle | JusticeTheTutor #math #maths #shorts",math
"How Math Changes Over Time",math
"My Favorite Mathematical Limericks!",math
"Introducing Math and Music on Duolingo #shortsviral",math
"When you have to start coding in your college? ğŸ¤” #shorts #coding",coding
"Trig Math Joke Riddle #shorts",math
"à¤¬à¤¿à¤¨à¤¾ à¤ªà¥‡à¤¨ à¤‰à¤ à¤¾à¤¯à¥‡ ğŸ˜±| Square Trick | Maths Tricks | Simplification Tricks | #shorts #short #shortvideo",math
"Apple Math ğŸ",math
"Germany | Can you solve this ?  | A Nice Math Olympiad Algebra Problem",math
"do you even math bro #duolingo #math #duolingomath #buff",math
"asians COULD BE all above average in math",math
"How to Add, Subtract, Multiply, and Divide Mixed Numbers | Math with Mr. J",math
"Python Full Course in *Telugu* | Zero to Hero by Swaroop | One Shot | 9 HOURS",coding
"Me Taking My Math Test",math
"The 7 Levels of Math",math
"TikTok Math in the Future. (Kai Cenat Math)",math
"The Worldâ€™s Hardest Math Class",math
"Math Tricks For Fast Calculation | Mathematics Tricks | Maths Tricks By Maths Arun Sir |",math
"Be Lazy #shorts",math
"Who did Math the CORRECT way?!ğŸ˜®",math
"Harvard CS50 â€“ Full Computer Science University Course",coding
"#superclever #superznalac #mentalarithmetic #franchise #abacuslearning #math #mostar",math
"6 x 6 = 36 #math #multiplication",math
"Whatâ€™s the area?",math
"Girl Math 101 ğŸ’…ğŸ»âœ¨ @themodgents",math
"Math teachers be like ğŸ˜‚.",math
"23 HOURS Free Coding Bootcamp - Build 4 Awesome Projects",coding
"Math quiz",math
"C Programming Full Tutorial in One Video (2024) C full course by Vikas",coding
"the guy from the complex math problems in real life",math
"RPF Constable Maths TricksğŸ¤¯ğŸ’¥ by Shivam sir #rpfconstablemaths #mathstricks #shorttricks #trending",math
"How One Line in the Oldest Math Text Hinted at Hidden Universes",math
"Subtraction Trick #maths #shortsindia",math
"3 x 4 = 12 #math #multiplication",math
"Son Shows Parents His Math Test #Shorts",math
"How to get A+ in Math exams",math
"when the teacherâ€™s pet marks your math test ğŸ¤£ğŸ¤£ #shorts #comedy #relatable #school",math
"It Only Takes Two Weeks",math
"Genius math craft âœï¸ #shorts",math
"The Problem With Math Textbooks - Grant Sanderson @3blue1brown",math
"Weak in Maths? Still Score 95+ ğŸ˜® 3 Best Study Tips #studymotivation #studytips",math
"Math isn't actually Sorcery âœ¨ğŸª„ #terencetao #mathematics",math
"â­ Product Link in Comments â­ Math Practice Question Maker Roller",math
"GIRL MATH FTW!",math
"ğŸš€ğŸ”¥ C Complete Course with Certification | 2 Projects, 100+ Programming Challenges, Notes, Beginner",coding
"How Math Becomes Difficult",math
"When you teach math to your teacher #shorts",math
"Multiples of 6#usefull #education #schooleducation #viralvideo #maths @vibgyoreducation5623",math
"Did you know this trick? ğŸ¤¯ #mathtrick #multiplication #math",math
"thatâ€™s why i created a math app #duolingomath #math",math
"Every Math Class Has These Students. #blockblast #blockblastpartner",math
"A beautiful international math olympiad problem",math
"Simplification Trick |Simplification short trick | math short tricks #shorts #shortvideo #maths",math
"Spiral of Theodorus",math
"ğŸ¯ğŸ¯VEDIC MATHS TRICK-1 ğŸ”¥ğŸ”¥For All Bank PO & Clerk, SBI, IBPS, SSC, Railway & Other Exams",math
"Ultimate Mr. Robot Original TV-Series Score Music Mix for Hacking, Coding & Programming",coding
"Math Integration Timelapse | Real-life Application of Calculus #math #maths #justicethetutor",math
"Why you should not study math",math
"1 SECRET! Score 100/100 in Maths in Any Exam ğŸ”¥Study Motivation #studytips",math
"MATH EQUATION HACK #shorts",math
"Math Teachar Mr. Bean ğŸ—¿ || Sigma Math Teacher Mr. Bean || Chapter 152 #shorts",math
"math genius",math
"When Asians Are Bad At Math",math
"Every Type of Math Explained in 9 Minutes.",math
"Amazing Math Hacks",math
"81 Math Symbols Explained",math
"Comparing Exponents Math Hack | Algebra JusticeTheTutor #math #maths #shorts",math
"Scared of Maths? | Why Do People Get So Anxious About Math? | Fear of Mathematics | Dr Binocs Show",math
"Math or Bio? Which one is easy? | MOTIVATION kaksha",math
"5 x 5 = 25 #math #multiplication",math
"Easy Math trick to amaze your friends | Fun Trick | Limited to only some specific numbers!",math
"The Most Wholesome Math Equation",math
"#mathematics #math #upsc #shortsvideo",math
"Full meaning of "math" #shorts #math",math
"Math kaise yaad karte theğŸ¤”ğŸ˜±ğŸ˜±||Ft.Alakh sir!! #physicswallah #motivation #alakhsir",math
"Math Tricks - Guinness And Math Guy",math
"This Made Me Fail 5th Grade Math!",math
"Rly Group D algebra || Math Unique Best Tricks || Railway/SSC/BANK || KTC By Kapildeo Sir #shorts",math
"Math is Art",math
"MATH Equation Hack",math
"Oppenheimer's Apocalypse Math",math
"CBSE Class 12 maths - 6 types of questions from Calculus | Harsh sir #shorts #cbse2023 #maths #math",math
"Algebra: FOIL Method #Shorts #algebra #math #maths #mathematics #education #learn",math
"Multiples of 8 ğŸ˜ #Shorts #math #maths #mathematics",math
"PEMDAS Math Problem | Algebra Fundamentals | JusticeTheTutor #math #shorts #maths #mathstricks",math
"Sigma maths teacher - Mr. BeanğŸ—¿#shorts",math
"ğŸ¤£Modi ji ne to math ki esi taisi kar diyeğŸ¤£ğŸ™†ğŸ»â€â™‚ï¸ #shorts #youtubeshorts #viral",math
"Memorization Trick for Graphing Functions Part 1 | Algebra Math Hack #shorts #math #school",math
"#superclever #superznalac #mentalarithmetic #math #franchise #abacuslearning #abacus #education",math
"Proving God exists using Math",math
"Magic Or Maths ğŸ”¥ (Part - 2) #k2institute #shorts #youtubeshorts",math
"à¤§à¥‹à¤•à¥‡à¤¬à¤¾à¤œà¤¼ GfğŸ¤£|| Maths Tricks || Math Trick || Math Short Tricks || #shorts #short #youtubeshorts",math
"Maths Magic Part 9 | Easy Maths Magic Trick| à¤¸à¥‹à¤šà¤¾ à¤¹à¥à¤† number à¤¬à¤¤à¤¾ à¤¦à¥‡à¤‚à¤—à¥‡ #magic #ytshorts #shorts #fun",math
"How The Indian Child Solves Math",math
"9 x 9 = 81 #math #multiplication",math
"Luxembourg - Math Olympiad Question | You should know this trick",math
"I visited the world's hardest math class",math
"How to Get A in Math Exams",math
"Don't Be Fooled: Debunking the 2+2=6 Math Trick #shorts #math",math
"Something Strange Happens When You Keep Squaring",math
"9 TIMES TABLE #shorts #math #maths #mathematics",math
"Math Race vs a GENIUS! with ZHC",math
"List of Math Symbols || Essential Mathematical Symbols Vocabulary",math
"#matematika #maths #math #part3 #dtmtest #part2 #education #mathematics #matheducation",math
"How to Score 95+ in MATHS in CLASS 10ğŸ”¥3 Game changing HacksğŸ˜µ #shorts #class10  #study",math
"Why Everyone should learn Math in school - Neil deGrasse",math
"Math symbols#bihar",math
"Division Tips and Tricks | Easy Division Tricks for Large and Small Numbers ğŸ˜",math
"Human Calculator Vs 100,000 Digit Math Problem",math
"Indian vs Japanese Maths ğŸ”¥| Vedic Maths Trick for Fast Calculation | Speed Maths  #trending #shorts",math
"Maths Ki Problem ğŸ˜œ PIHOOZZ",math
"I Learned C++ In 24 Hours",coding
"#05 ğŸ”´ RAILWAY 2024 || BEST 51 QUESTIONS by Aditya Ranjan Sir #railway #maths #mathstricks",math
"85x85 #shorts #math #maths #mathematics",math
"Dynamic #gadgets for math genius! #maths",math
"Grade One Math For Kids | Numberblocks 1 Hour Compilation | 123 - Numbers Cartoon For Kids",math
"Genius IQ Test math puzzleğŸ”¥",math
"A Nice Olympiad Exponential Multiplication Problem #short #olympiad #mathematics #maths #exponents",math
"SIGMA MATHS TEACHER - Mr.BeanğŸ—¿#shorts",math
"Baldi's Basic Math POV Version  (Animation Meme) #memeanimation #baldisbasics â€@dude.dans_",math
"Chaseâ€™s Mom takes on PEMDAS!!! #pemdas #math #mathproblem # #teacher #viralteacher",math
"Levy Curve from the Chaos Game",math
"Fast Multiplication Trick | Interesting math tricks #shorts #magic #trending",math
"CODING FOR BEGINNERS AND  INTRODUCTION TO PROGRAMMING TAGALOG 2024",coding
"If you are a genius solve this! Math Game Challenge!!!",math
"Common Algebra Mistakes #1 #Shorts #algebra #mistake #mistakes #math #maths #mathematics #education",math
"How To Catch A Cheater With Math",math
"20 One Digit Subtraction Quiz | Math Quiz for Kids",math
"Magic Or Maths ğŸ”¥ (Part - 5) #k2institute #shorts #youtubeshorts  #motivation #midpoint",math
"Only for a Genius! Connect 1 to 1, 2 to 2 & 3 to 3 without crossing the lines! #math #youtube",math
"MIT Entrance Exam Problem from 1869 #Shorts #math #maths #mathematics #problem #MIT",math
"Who can finish a Math quiz the fastest? ğŸ¤”",math
"Math Quiz That'll Stump Most People (Even Math Nerds)",math
"Balance Scale..âš–ï¸ğŸ† Math..ğŸ§® #maths #short #shorts",math
"à¤®à¤¾à¤¤à¥à¤° 1 à¤¸à¥‡à¤•à¥‡à¤‚à¤¡ğŸ˜³| Multiplication Tricks | Maths Tricks | Vedic Maths | #shorts #short #shortvideo",math
"#math short trick#viralshots#viral#youtubeshorts#ttrending shots# math viral#amazing trick#ğŸ”¥",math
"Simplification Trick | Simplification short trick | math short tricks #shorts #shortvideo #maths",math
"Vedic Maths TrickğŸ”¥ | Vedic Maths vs Normal Maths #fun #shorts #youtubeshorts #trending #vedicmaths",math
"Missing Angles Geometry Problem | Tricky Math Question | JusticeTheTutor #maths #math #shorts",math
"The Man Who Solved the $1 Million Math Problem...Then Disappeared",math
"Mr. BEAN - SIGMA MATHS TEACHERğŸ—¿#shorts",math
"Fast Multiplication Trick | Interesting math tricks #maths #shorts",math
"Every Unsolved Math problem that sounds Easy",math
"Sigma math student ğŸ—¿ #maths #mathteacher #sigma #sigmasir",math
"Simplification TrickğŸ”¥ğŸ˜± | maths short tricks | percentage short tricks | #shorts #shortvideo #maths",math
"20 Math Quiz for Kids | One Digit Addition Quiz",math
"Second Grade Math made fun! | Division compilation | 123 - Learn to Count | Numberblocks",math
"Five-year-old Math Prodigy #shorts",math
"A Nice Math Olympiad Exponential Equation 3^x = X^9",math
"ADDITION - EASIEST WAY FOR KIDS | MATH QUIZ | Learn to Add |Adding numbers |Teacher Aya Online Tutor",math
"Sigma math teacher ğŸ—¿ #EP-26 #maths #sigma #sigmasir #sigmamath #alberteinstein",math
"à¤œà¤¾à¤¦à¥à¤ˆ à¤Ÿà¥à¤°à¤¿à¤• ğŸ˜³ | Multiplication Tricks | Maths Tricks | Vedic Maths | #shorts #short #shortvideo",math
"I Solved The World's Longest Math Problem!",math
"Sigma maths teacher - Mr. Bean ğŸ—¿#shorts",math
"How To Make Math Entertaining For Everyone. Don McMillan",math
"A math GENIUS taught me how to LEARN ANYTHING in 3 months (it's easy)",math
"Class 10 Student à¤œà¥‹ Math à¤¸à¥‡ à¤¡à¤°à¤¤à¤¾ à¤¥à¤¾ | Motivational Story for Students #studymotivation",math
"Quiz Time | Math Quiz for Kids | Division Quiz for Kids | Mental Math Quiz for Kids",math
"Look now, Student Abacus solves the biggest math calculations in just a few seconds #maths #shorts",math
"Magic or Maths Part-20 | #k2institute #maths #viral #motivation #maths",math
"10,000 Double Pendulums Create CHAOS #maths #math #mathematics #physics #programming #shorts #art",math
"270-year-old math problem SOLVED! Grazing goat problem",math
"Math Quiz for Kids | Math for Kids | Addition, Subtraction, and Multiplication Quiz for Kids",math
"Aaise Student fail nahi hote #shorts #exams #maths #boardexams",math
"Multiplication | Counting by 2's | Learn to Multiply | Math is Fun | Math for Kids | Teacher Aya",math
"à¤œà¤¾à¤¦à¥à¤ˆ à¤Ÿà¥à¤°à¤¿à¤• ğŸ˜³ | Multiplication Tricks | Maths Tricks | Vedic Maths | #shorts #short #shortvideo",math
"How To Self-Study Math",math
"Every UNSOLVED Math Problem Explained in 14 Minutes",math
"ğŸ§ Why Math is the Best Subject! ğŸ§  #kbc #shorts #MathLover #MathMagic",math
"Sigma math teacher ğŸ—¿ #sigma #sigmasir #maths #sigmamath #mathematics",math
"How Much Math is REALLY in Engineering?",math
"Ten Vaulting & Numberblocks MathLink Cubes | Math for Kids | Learn to Count | @Numberblocks",math
"Basic Math and ABC for Kids, Science games, Preschool and Kindergarten | D Billions VLOG English",math
"The Math Obstacle Course",math
"I Became A Math Teacher For A Day! ft. Salish Matter",math
"Vedic Maths Division Trick| Nikhilam Sutra | Maths Trick for Fast Calculation #shorts #youtubeshorts",math
"The way math should be taught",math
"Why is Ï€ = 3.14â€¦??? #pivalue #circle #circles #geometry  #maths  #mathematics",math
"Math Practice Question Maker Roller ğŸ“˜ Product Link in Description & Comments!",math
"@DearSir & Vedic Maths ğŸ”¥ World Best Combination ğŸ‘Œ #dearsir #mathstricks",math
"Puzzle || maths tricks || math reasoning ğŸ”¥ | #shorts #puzzle #reasoning",math
"Super difficult math! How to solve the last one?! Korean playing!",math
"IQ Test | Matchstick tricks | Magic tricks | #shorts #tricks #shivhareclasses #puzzle #challenge",math
"sigma math student ğŸ—¿ #sigma #sigmasir #sigmamath #maths #alberteinstine",math
"Become GOD of Maths in 3 Months - Target IIT Bombay ğŸ”¥",math
"Table of 21 Easy Trick ğŸ”¥ | Easy Maths Trick | Vedic Maths Trick #ytshorts #shorts #fun #tables #math",math
"BASIC Calculus â€“ Understand Why Calculus is so POWERFUL!",math
"Colourful Math | Learn to count - 123 | Compilation for Kids |  @Numberblocks â€‹",math
"Counting 1 to 5! ğŸ”µ Cartoon Maths fun for Kids | Learn to Count #shorts",math
"Sigma math student ğŸ—¿ #maths #sigma #sigmasir #sigmamath #alberteinstein",math
"The Simple Math Problem That Revolutionized Physics",math
"Maths Magic Part -6| à¤†à¤ªà¤•à¥‡ à¤¨à¤¾à¤® à¤•à¤¾ Magic | Maths Magic Trick #ytshorts #shorts #fun #trend #viral",math
"6th Class Harish Geometric Box Objects #school #math #shorts #students",math
"finish your math homework now #knifedad",math
"How I made Math: Final Boss",math
"Reality of Reduced JEE Main 2024 Math Syllabus ğŸ˜‚ | Fill Registration Form | Bhoomika Ma'am",math
"a dark academia playlist to study math",math
"24 Marble Race EP. 55: Math Race (by Algodoo)",math
"Ramanujan Attitude Status ğŸ”¥ğŸ”¥ğŸ’¯ğŸ’¯ | The Greatest Mathematician Of India ğŸ˜ˆâš¡| The Man Who Know Infinity |",math
"math class by rj sir | maths problems | #mathematics | #rrbntpcpaperanalysis | #mentalmathtricks",math
"ğŸ”¥Shakuntala Devi ğŸ”¥ Reel v/s RealğŸ”¥#maths #viral #attitude #status #trending #iitjee #neet #csir #jrf",math
"Learn to Square any 2 digit number I  Math Tricks and Tips",math
"5th Grade Math Quiz That'll Stump Most People",math
"Sigma math teacher ğŸ—¿ #alberteinstine #sigmasir #mathteacher #sigma",math
"Answer sheet #boardexam #maths #class10 #mathematics #jeemains #jee",math
"jini ki maths competition #school #teacher",math
"How to Study MathsğŸ”¥| 5 Simple steps to Score 100 in Maths| Prashant Kirad",math
"How to Calculate Faster than a Calculator - Mental Math #1",math
"Magic or mathsğŸ”¥ğŸ˜±| Maths Tricks #maths #mathtricks #cbse #viraltrick #viralmathtricks",math
"Basic Math Test Quiz - Can You Score 100%?",math
"how to be good in MATHS when you HATE it ~math tips",math
"The Man Who Solved the Worldâ€™s Most Famous Math Problem",math
"They turned MATH into a factory game...",math
"Worst Coding Interview",coding
"Magic Or Maths ? ğŸ˜± ( Part -17 ) #k2institute #maths #viral #motivation #maths #mathstricks",math
"Chintooâ€™s Maths Exam ğŸ¥µ Kya Wo Pass Hoga? ğŸ˜¢ #funnyshorts #nitinadvani #shorts",math
"The SAT Question Everyone Got Wrong",math
"Magic Or Maths ğŸ”¥ (Part - 7) #k2institute #shorts #youtubeshorts  #motivation #midpoint",math
"Long Division Review ğŸ“š #Shorts #math #maths #mathematics #review #lesson #education #learn",math
"math class 10th vvi objective 2025 || 10th class math vvi objective 2025 || math class 10 objective",math
"What is that? #math #studymath #yourbummymathtutor #exam #gcse #school #education #learn #fyp #viral",math
"Maths Magic Part -2I can Tell Your Age ğŸ”¥#reelsvideo #trend #viral #ytshorts #mathstricks #fun #maths",math
"She Was Able To Solve THIS Math Problem ğŸ˜±ğŸ˜µğŸ¤• #math #smart #school #shorts",math
"IRONMAN failed in math exam ğŸ˜³ğŸ˜±ğŸ˜­ @Whatifwithabhishek",math
"Multiplication trick#ğŸ™ğŸ™ subscribe#math #short video",math
"Why 4d geometry makes me sad",math
"Every Unsolved Math Problem Solved",math
"Bank Holiday Big Number Fun! | 30 Minutes of Maths | Learn to Count for Kids | @Numberblocks",math
"Class 10th Math Objective Question 2025 || Math Class 10th Vvi Objective Question 2025",math
"#4 Percentage à¤ªà¥à¤°à¤¤à¤¿à¤¶à¤¤ Part-1 | Complete Maths By Gagan Pratap Sir | SSC CGL, MTS 2024 | #ssc",math
"Nice Math Olympiad Algebra Equation | How to Solve?",math
"ğŸ”¥Day 26 | Average (à¤”à¤¸à¤¤) | Complete Maths By Aditya Ranjan Sir | SSC CGL MTS 2024 | #ssccgl2024",math
"Recurring Decimal - 9 Â¦ à¤†à¤µà¤°à¥à¤¤à¥€ à¤¦à¤¶à¤®à¤²à¤µ | Rly Group D Special Â¦ Math Â¦ KTC By Kapildeo Sir",math
"Percentage (à¤ªà¥à¤°à¤¤à¤¿à¤¶à¤¤) | Class 01 | Maths Short Trick For UPP, SSC GD, RPF, Railway etc. by Ajay Sir",math
"Missing Numbers Tricks | Maths Tricks | Reasoning Puzzles | imran sir maths",math
"Mental Math Quiz for Kids| Math Quiz for Kids| Maths Quiz| Maths Quiz for Grade 2| GK Mental Maths",math
"à¤—à¤£à¤¿à¤¤ à¤•à¥ˆà¤¸à¥‡ à¤¸à¥€à¤–à¥‡à¤‚ | Basic Maths Kaise Sikhe | How To Learn Maths | Explain 4U Maths | bodmas | lcm hcf",math
"Class 2 Maths Division",math
"Percentage | Basic to Advance | Basics of Maths | Viral maths by Navneet Sir",math
"ğŸ”´PERCENTAGE-04 (à¤ªà¥à¤°à¤¤à¤¿à¤¶à¤¤) || RAILWAY MATHS PYQ SERIES || FOR NTPC, RPF, ALP, GROUP-D | ADITYA SIR",math
"Profit and Loss (à¤²à¤¾à¤­ à¤”à¤° à¤¹à¤¾à¤¨à¤¿) | Maths Short Trick in Hindi For UPP, SSC GD, RPF, Railway by Ajay Sir",math
"HTET DEC 2024 MATHS TOP 100 IMPORTANT QUESTIONS By Sachin Academy Live 3pm",math
"SSC GD 2025 | Ratio #02 |  SSC GD Maths à¤¸à¤µà¤¾à¤² à¤¯à¤¹à¥€à¤‚ à¤¸à¥‡ à¤†à¤¯à¥‡à¤‚à¤—à¥‡ | Maths by Rakesh Yadav Sir",math
"Multiplication Table 1 to 10|Table Of 1 to 10|Maths Tables/Multiplication Tables/Times Table/Pahada",math
"bhag kaise karen math | divide kaise kare | bhag | division | bhag kaise karte hain |",math
"#15 Compound Interest (à¤šà¤•à¥à¤°à¤µà¥ƒà¤¦à¥à¤§à¤¿ à¤¬à¥à¤¯à¤¾à¤œ) | Complete Maths By Gagan Pratap SSC CGL 2024 & SSC MTS#ssc",math
"ğŸ”´PERCENTAGE-01 (à¤ªà¥à¤°à¤¤à¤¿à¤¶à¤¤) || RAILWAY MATHS PYQ SERIES || FOR NTPC, RPF, ALP, GROUP-D | ADITYA SIR",math
"Class 7 Maths Chapter 2 l NCERT EXERCISE-2.1 l Fraction and Decimal l CBSE Board l Solution l 7th",math
"ğŸ”¥ ALP MATHS 2024 MARATHON | ALP MATH MARATHON 2024 | ALP CBT 1 MATHS | RAILWAY ALP MATHS | MATHS ALP",math
"SSC GD Maths | SSC GD 2025 | Average Maths Revision Class | Maths For SSC GD by Deepak Sir",math
"SSC GD Maths | SSC GD 2025 | Percentage Maths Revision Class | Maths For SSC GD by Deepak Sir",math
"Algebra | Khan Sir Math | Khan Sir Reasoning RAILWAY NTPC I #khansir Math Tricks | Coaching classes",math
"Integration | Integration Class 12 |Full Chapter 7/One Shot/Math/Important Questions/Answers/Formula",math
"SSC GD Maths | SSC GD 2025 | LCM & HCF Maths Revision Class | Maths For SSC GD by Deepak Sir",math
"Day 03 | Simple Interest | 21 à¤¦à¤¿à¤¨ 21 à¤®à¥ˆà¤°à¤¾à¤¥à¤¨ | UP POLICE MATHS CLASSES | Maths by Aditya Ranjan Sir",math
"SSC CGL 2024 | MATHS | Average | Part: 01 | MATHS By Rakesh Yadav Sir | à¤¨à¤ à¤¸à¤¾à¤² à¤•à¥€ à¤¨à¤ˆ à¤¶à¥à¤°à¥à¤†à¤¤",math
"SSC GD Maths | SSC GD 2025 | Age Maths Revision Class | Maths For SSC GD by Deepak Sir",math
"ğŸ”´Profit & Loss -01 || RAILWAY MATHS PYQ SERIES || FOR NTPC, RPF, ALP, GROUP-D | ADITYA RANJAN SIR",math
"ğŸ”¥Day 31 | Ratio and Proportion | Complete Maths By Aditya Ranjan Sir | SSC CGL, MTS #ssccgl #ssc",math
"SSC GD Maths | SSC GD 2025 | Ratio & Proportion Revision Class | Maths For SSC GD by Deepak Sir",math
"ğŸ”´COMPOUND INTEREST-01(à¤šà¤•à¥à¤°à¤µà¥ƒà¤¦à¥à¤§à¤¿ à¤¬à¥à¤¯à¤¾à¤œ)| RAILWAY MATHS PYQ SERIES | NTPC, RPF,GROUP-D| ADITYA SIR",math
"SSC GD Maths | SSC GD 2025 | Number System Maths Revision Class | Maths For SSC GD by Deepak Sir",math
"Live 03 | Basic Maths | learn Maths from Zero Level | Zero Level Maths | Winter batch Basic Maths",math
"Live 02 | Basic Maths | learn Maths from Zero Level | Zero Level Maths | Winter batch Basic Maths",math
"Class 10 Math Objective Question 2025 || Math Class 10th Vvi Objective Question 2025",math
"Circles Class 9 in One Shot ğŸ”¥ | Class 9 Maths Chapter 9 Complete Lecture | Shobhit Nirwan",math
"Prashnavali 8.1 class 10th one shot,Ncert math exercise 8.1 class 10th full solutions by pankaj sir",math
"SSC GD Maths | SSC GD 2025 | Time & Work Maths Revision Class | Maths For SSC GD by Deepak Sir",math
"à¤¤à¥à¤°à¤¿à¤•à¥‹à¤£à¤®à¤¿à¤¤à¤¿ Class 10th | Trigonometry Class 10 | Class 10 Maths Chapter 8 Trigonometry Bihar Board",math
"ğŸ”´COMPLETE ALGEBRA ONE SHOT VIDEO || SSC CGL MAINS 2024 Maths || Concept + PracticeğŸ”¥|| Aditya sir",math
"REET Level 1 Math Class 2024 | Math : Profit and Loss | labh hani reet level 1 | 07",math
"SSC GD Maths Class | SSC GD 2025 | SSC GD Maths Practice Set 06 | by Deepak Sir SSC GD à¤šà¤¿à¤°à¤¾à¤— à¤¸à¥€à¤°à¥€à¤œ",math
"SSC GD Maths Class | SSC GD 2025 | SSC GD Maths Practice Set 01 | by Deepak Sir SSC GD à¤šà¤¿à¤°à¤¾à¤— à¤¸à¥€à¤°à¥€à¤œ",math
"prashnawali 4.1 class 10th || Ncert class 10th math exercise 4.1 full solution || math by pankaj sir",math
"Live 01 | Basic Maths | learn Maths from Zero Level | Zero Level Maths | Winter batch Basic Maths",math
"Complete LCM & HCF by Ajay Sir | LCM & HCF (à¤².à¤¸ & à¤®.à¤¸ ) For SSC GD, Delhi Police, UP Police etc.",math
"Math à¤ªà¥‡à¤ªà¤° à¤•à¥ˆà¤¸à¥‡ à¤ªà¤¾à¤¸ à¤•à¤°à¥‡à¤‚,/ à¤—à¤£à¤¿à¤¤ à¤•à¥€ à¤¬à¥‹à¤°à¥à¤¡ à¤ªà¤°à¥€à¤•à¥à¤·à¤¾ 2025,/how to pass MATH board paper",math
"The HARSH truth about Game Dev ğŸ‘©â€ğŸ’» #technology #programming #software #gamedev #career",coding
"SSC GD Maths Class | SSC GD 2025 | SSC GD Maths Practice Set 19 | by Deepak Sir SSC GD à¤šà¤¿à¤°à¤¾à¤— à¤¸à¥€à¤°à¥€à¤œ",math
"10th à¤—à¤£à¤¿à¤¤ à¤µà¤¾à¤¯à¤°à¤² à¤ªà¥‡à¤ªà¤°,/up board class 10th Math paper 2025 board exam/10th à¤—à¤£à¤¿à¤¤ à¤µà¤¾à¤¯à¤°à¤² à¤ªà¥‡à¤ªà¤° 2025à¥¤à¥¤",math
"Live 05 | Basic Maths | learn Maths from Zero Level | Zero Level Maths | Winter batch Basic Maths",math
"I Played Englandâ€™s Youngest Chess Master",chess
"Every Chess Tip Explained In 10 Minutes",chess
"Chess Master vs Beginner | Explained",chess
"My Grandmaster Mom Sneaked in to a Chess Tournament in London",chess
"Human Chess In Real Life 2",chess
"Number System by Aditya Sir | Maths For Railway Vacancy 2024, CGL, CHSL,CPO, SSC Selection Post 2024",math
"Anish FINALLY Admits The TRUTH | Lie Detector Chess",chess
"How to Get a Job in Tech pt. 1 #coding  #programming  #softwareengineer #beginners",coding
"The Best Chess Openings",chess
"Complete Math For All Government Exams|| PART - 01 || Complete Maths By Abhishek Ojha SirğŸ”¥ğŸ”¥",math
"Human Chess In Real Life",chess
"MAGNUS vs HIKARU: BRILLIANT CHESS!!!!!",chess
"RRB ALP 2024 | RPF SI Maths Marathon Class | RRB ALP Maths Marathon | RPF SI 2024 | à¤—à¤¾à¤—à¤° à¤®à¥‡à¤‚ à¤¸à¤¾à¤—à¤°",math
"When Pragg and Magnus are in the same team! #chess #shorts",chess
"Simplification Tricks | Ladder Concept | Continued Fraction | Maths Tricks | imran sir maths",math
"Sportsmanship in Chess â¤ï¸ #shorts",chess
"Magnus Carlsenâ€™s Surprise Opening ğŸ’€ğŸ”¥ #magnuscarlsen #chess",chess
"Can I Beat EVERY Chess Bot in 30 minutes?",chess
"Win Fast: Chess trap to checkmate in 7 moves! - chess tricks #chess #shorts",chess
"Win At Chess in 2 Moves",chess
"Is This Checkmate? #shorts #chess #memes",chess
"Bro Thinks He's Hikaru???",chess
"Complete Percentage in ONE SHOT | For All Govt. Exams | Maths by Rakesh Yadav Sir #rakeshyadavsir",math
"Mikhail Tal's Jaw-Dropping Knight Fork ğŸ˜®",chess
""Imagine the Adrenaline ğŸ”¥, Winning for the Team" ft. Gukesh #chess #shorts",chess
"CheckersğŸ˜‚",chess
"Chess: Then vs Now ğŸ¤¯",chess
"PHP in 60 Seconds: The Basics #php #project #technology",coding
"Beautiful Sportsmanship in Chess! â™¥ï¸ğŸ«‚ #chess #sportsmanship",chess
"Win the Queen in 10 Moves: Danish Gambit #MCCP #chess #chessopenings #chesstricks #chesstrap",chess
"RRB NTPC Math Previous Year Question Paper #2, RRB NTPC Practice Set 2024 | Math By Rahul Teotia Sir",math
"INSANE WORLD CHESS CHAMPIONSHIP GAME 1",chess
"Mate in 10 moves! Chess game #chess #chesstraps",chess
"Manny Pacquiao SOLVED CHESS.",chess
"Complete Maths in One Shot | Maths Maha Dangal | Railway Maha Dangal | Maths by Dharmender Dagar Sir",math
"GUKESH vs. DING!! FIDE World Championship 2024 BEGINS!! Game 1",chess
"If chess pieces could talk:",chess
"Magnus Carlsen Watching Indian Chess Stars! #chess #shorts",chess
"The Opening Mistake You're Probably Making in Chess | Chess Rating Climb 900 to 1000 ELO",chess
"Every Chess Opening Explained In 15 Minutes",chess
"15 year old SHOCKS Magnus Carlsen! ğŸ˜± #magnuscarlsen #chess",chess
"LEARN TO ATTACK WITH HIKARU NAKAMURA!!",chess
"Which Dina do you like? #chess #dinabelenkaya #shorts",chess
"When Chess PRODIGIES Clash! ğŸ”¥ #shorts",chess
"Hikaru BLUNDERS Mate-in-1 vs. Magnus",chess
"This Video Will Make You A Pawn GENIUSâ€¦",chess
"How To Win At Chess... A LOT",chess
"Indiaâ€™s First Heartbreak ğŸ’” #chess",chess
"Shortest chess game of Magnus Carlsen I would dreamğŸ˜â™Ÿï¸ğŸ™Œ",chess
"God Moves By Mikhail Tal #chess #mikhailtal",chess
"Pragg, the next Magnus Carlsen??  #chess",chess
"Pragg IMPRESSES Magnus Carlsen! ğŸ˜ #praggnanandhaa #magnuscarlsen #chess",chess
"Very Evil Stafford Gambit",chess
"Danish Gambit at its Best | Chess Opening Tricks to WIN Fast #shorts",chess
"DING vs. GUKESH | FIDE World Chess Championship 2024 Game 2 | Will Ding Hold His Advantage?",chess
"Every Chess Attacking Tip Explained In 10 Minutes",chess
"Pragg and Humpy Hold Youngest Rated Player in the World! #chess #shorts",chess
"Best Sportsmanship in Chess â™¥ï¸ #praggnanandhaa #chess",chess
"Gukeshâ€™s smile says it all ğŸ™‚  #ChessOlympiad #chess #gukesh #india #fide #shorts",chess
"11 year TRICKS Magnus Carlsen? ğŸ˜± #magnuscarlsen #chess",chess
"UNREAL Chess by Magnus Carlsen",chess
"3 year old KID is Menace â˜ ï¸ğŸ”¥ #chess #anishsarkar",chess
"Bobby Fischer Changed his Mind about Women in Chess (1972)",chess
"Clever Trick To Win Games QUICKLY | Chess Rating Climb 1262 to 1301",chess
"Gukesh BLUNDERS his Queen? ğŸ˜± #shorts #gukesh",chess
"WIN AT CHESS In 8 Moves!",chess
"300,000+ People Fell For This Trap",chess
"Pragg BEATS Magnus? ALMOST ğŸ˜± #praggnanandhaa #magnuscarlsen #chess",chess
"I Got ALL 28 Possible Checkmates in Chess...",chess
"Praggnanandhaa Stares Down Magnus Carlsen ğŸ”¥ #chess #shorts",chess
"*NEW* FPS Chess Game Mode",chess
"Magnusâ€™s SHOCKING LOSS IN 23 MOVES! ğŸ˜± #magnuscarlsen #chess",chess
"Martin vs. Martin: The End Of Chess",chess
"DING vs. GUKESH! FIDE WORLD CHESS CHAMPIONSHIP 2024 Game 4 | Who'll Attack First?",chess
"Most BRUTAL Chess Moment ğŸ˜±ğŸ˜± #gukesh #chess",chess
"Praggnanandhaa creates World Record! #shorts",chess
"5 MUST-KNOW Chess Tips For Every Beginner",chess
"Open World Chess! #shorts #chess #memes",chess
"Garry Kasparov on Ding-Gukesh World Chess Championship Match!",chess
"Heartbreak for Praggnanandhaa against Gukesh !! | #chess #chessshorts #praggnanandhaa #gukesh",chess
"Bobby Fischer On Why He Hated Chess",chess
"ChessUp 2 - Kickstarter ends May 14",chess
"chess bishop that duels?",chess
"Lose at chess in 2 moves",chess
"Student Accidentally Solved The Hardest Math Equation In History!  ğŸ˜‚",math
"If chess pieces could talk pt.3:",chess
"The Robot Chess Player Scam",chess
"8 Year Old Kid DESTROYS a Chess Master",chess
"The Art of Illegal Moves #chess #shorts #viral",chess
"Customizing a Chess Set (Pt. 3)",chess
"Caroâ€“Kann ICBM Gambit",chess
"He tried to trick MagnusğŸ˜³ #chess  #chessplayer #chessgame #chessgrandmaster #magnuscarlsen",chess
"When You Finally Become The WORLD CHAMPION IN CHESS",chess
"This Chess Bot is IMPOSSIBLE ELO.",chess
"Indian Team Bond Moment â™¥ï¸ #chess #praggnanandhaa #gukesh",chess
"How To Beat The Nelson Bot",chess
"Chess Trap to PUNISH Your Opponents!",chess
"Sweetest Chess Moment â™¥ï¸ğŸ˜­ #praggnanandhaa #gukesh #chess",chess
"Gukesh & Pragg Friendship â™¥ï¸ #shorts #gukesh #praggnanandhaa",chess
"How Does The Knight Move Ft. Magnus and Indian music! #chess #shorts",chess
"Intercontinental Ballistic Missile... In Chess",chess
"Is Gukesh a genius?ğŸ§  #chess #shorts #worldchess",chess
"Gukesh vs Arjun: Next World Championship? ğŸ”¥ #gukesh #chess #arjunerigaisi #chennaigrandmasters",chess
"3-YEAR-OLD Anish CHECKMATES His Opponent and He STOPS THE CLOCK!",chess
"Math game |Paper Game |Home made game #math #mathgames #papergames #shorts #viral #viralshort #short",math
"Chess, But Pieces Have Gravity",chess
"When Rook BREAKS FREE | Chess Memes S2 #01",chess
"giant pawn to Queen",chess
"20 Chess Rules Everyone Should Know",chess
"When you see itğŸ˜ƒ #chess #chessbaseindia #shorts",chess
"3D Chess! #shorts #chess #memes",chess
"chess queen with a hidden message!",chess
"Magnus on Gukesh's Performance ğŸ¤ ",chess
"Lowest Chess Elo",chess
"Burgers and Brains: Checkmating with a Side of Yum! #MCCP #chess #Checkmate #chessopenings",chess
"Magnus ANGRY after LOSING on Time! ğŸ˜¡ #magnuscarlsen #chess",chess
"When Pragg Drinks Water! #shorts #chess",chess
"The INSANE Comeback of Praggnanandhaa ğŸ”¥â˜ ï¸ #praggnanandhaa #chess",chess
"Most Common Chess Opening MISTAKES | Chess Rating Climb 800 to 900 ELO",chess
"I Beat EVERY Chess.com Variant (Seriouslyâ€¦)",chess
"TENNISON GAMBIT | Do we play chess like this? #chess #shorts",chess
"5 Indian Chess Players Will Battle For A World Championship Spot",chess
"Didnâ€™t See That Move Coming! #shorts #viral #chess #memes",chess
"When The World's Greatest Respects You ft. Magnus Carlsen and Praggnanandhaa! #chess #shorts",chess
"Insane playğŸ”¥ #chess #chessbaseindia #chessgame #srilanka",chess
"Song of Soller Gambit",chess
"Magnus and Hikaru ANSWER "WHO is THE GREATEST CHESS PLAYER OF ALL TIME" Question",chess
"Magnus's Reaction to Gukesh's Game #chess #shorts",chess
"When King STRIKES BACK | Chess Memes S2 #03",chess
"Chess on a Tiny Board",chess
"GUKESH vs. DING! FIDE WORLD CHESS CHAMPIONSHIP 2024 Game 5 | Will Gukesh Press For A Win?",chess
"New 1D Chess! #shorts #chess #memes",chess
"this wasnâ€™t in â€œhow to win at chessâ€ @GothamChess #chess #funny  #duolingo #languagelearning",chess
"I Played Magnus Carlsen",chess
"Long Chess! #shorts #chess #memes",chess
"Best Math Learning Songs Collection | Preschool Prep Company",math
"Girl Math Has Officially Made Its Way Into The Government",math
"When Horsey TRIPLE Forks",chess
"How Chess players pass salt! ğŸ¤ªğŸ¤ª",chess
"ĞŸĞ°Ñ‚, ÑˆĞ°Ñ…Ğ¼Ğ°Ñ‚Ğ½Ğ°Ñ Ğ·Ğ°Ğ´Ğ°Ñ‡Ğ° #chess #chesslessons #ÑˆĞ°Ñ…Ğ¼Ğ°Ñ‚Ñ‹ #ÑˆĞ°Ñ…Ğ¼Ğ°Ñ‚Ğ½Ğ°ÑĞ·Ğ°Ğ´Ğ°Ñ‡Ğ° #chessgame #endgame #stalemate",chess
"Anish Giri STEALS Gukeshâ€™s PAWN in the CHESS TOURNAMENT",chess
"Praggâ€™s Mother is ALWAYS THERE For Her Son",chess
"Rarest Chess Position!!!",chess
"It Took Me 2 Minutes and 41 Seconds to Destroy This Chess Player.",chess
"Soller Gambit ğŸ¥¶ğŸ’€ || #chess #shorts",chess
"Cutest 3 year old Anish meets Vishy Anand â¤ï¸ #vishyanand #chess",chess
"How fast can you find the checkmate? #shorts #chess #chessbaseindia",chess
"Meet the young Indian chess superstars taking the world by storm | 101 East Documentary",chess
"Most INSANE Chess Game Ever ğŸ˜±#chess #techmgcl",chess
"This Smart Chess Board Will Blow Your Mind!",chess
"Indian Team Clinch Gold at 45th FIDE Women's Chess Olympiad! #chess #shorts",chess
"Special Tactics You Need To Know | Chess Rating Climb 1347 to 1376",chess
"SECRET Chess Move!",chess
"When White King Gets TRAPPED | Chess Memes #191",chess
"ğŸ”´SIMPLIFICATION (à¤¸à¤°à¤²à¥€à¤•à¤°à¤£)| RAILWAY MATHS PYQ SERIES | FOR NTPC, RPF, ALP, GROUP-D |ADITYA RANJAN SIR",math
"Anish and Vidit RANKED GothamChess WHERE? ğŸŒ¶ï¸",chess
"Praggnanandhaa is Back! ğŸ”¥ #shorts",chess
"Oxford University Mathematician takes Irish High School Maths Exam",math
"NEW CHESS UPDATE",chess
"Chess Battle Animation",chess
"6 Best Chess Openings for Beginners | Top Moves, Plans, Strategy, Gambits, Tactics, Traps & Ideas",chess
"Names of Chess Pieces: Chess Basics For Beginners| Chess Names of Pieces  #chess #chessgame #english",chess
"EVERY Possible Chess Move Explained in 8 minutes",chess
"Undercover Grandmaster vs The Strongest Chess Hustler in NYC",chess
"Top 50 Chess Principles for All Levels: Beginner to Advanced | Opening, Middlegame, Endgame Concepts",chess
"Who Is India's Strongest Chess Grandmaster? #grandmaster #chessmaster #viditgujrathi #gukesh",chess
"3 year Old TROLLS Magnus Carlsen ğŸ¤£ #magnuscarlsen #anishgiri #chess",chess
"I Asked EVERYONE Their World Chess Championship Favorites ğŸ”®",chess
"That Gukesh Walk of Supreme Confidence ğŸ”¥ #chess #shorts",chess
"Student Praggnanandhaa vs Teacher Anand | WR Chess 2024",chess
"Chess Memes #83 | When You Make An Epic Comeback",chess
"Magnus & Nepo Friendship Journey ğŸ€â™¥ï¸ #magnuscarlsen #nepomniachtchi #chess",chess
"5 Common Mistakes BEGINNERS Make in Chess",chess
"ğŸ¦ Carlsen's magic vs Dubov's Briliance | Magnus Carlsen vs Daniil Dubov - World Rapid Teams 2024",chess
"Pawn = Queen. Mix of chess and puzzle.",chess
"ğŸ”´à¦¸à¦°à¦² à¦¸à§à¦¦à¦•à¦·à¦¾ CLASS-1 | Sujan Sir Math | Simple Interest Math Tricks in Bengali | WBP, KP, RAIL,PSC",math
"Wholesome Sibling Ft. Praggnanandhaa and Vaishali! #chess #shorts",chess
"Top 10 Indian Chess PlayersğŸ‡®ğŸ‡³ #shorts #chess",chess
"Intercontinental Ballistic Missile Gambit (real opening)",chess
"When Bishop SAVES Everyone | Chess Memes #195",chess
"The Only Chess Opening You Need To Learn With Black",chess
"When You Have TOO MANY Bishops | Chess Memes",chess
"Can You Actually Get the Rarest Move in Chess?",chess
"How to play Hidden Identity Chess #shorts",chess
"Hikaru CANâ€™T BELIEVE Alirezaâ€™s BLUNDER",chess
"Chess Memes | When Horsey Starts FORKING",chess
"Halloween gambit ğŸƒ original made by @ChessMakta  #chess#song",chess
"GUESSING VIEWERS ELO #2 | Chess Memes",chess
"SICILIAN DEFENSE TRAP #checkmate  #trap #sacrifice #chesstricks #shorts",chess
"Chess Memes #73 | When King Makes a Huge Blunder",chess
"Pragg Loses on Time ğŸ¤£ #praggnanandhaa #chess",chess
"10 Ultimate TRICKS in the Vienna Opening | Vienna Gambit - Chess Traps, Strategies, Moves & Ideas",chess
"Chess Bot Sacrifices EVERYTHING",chess
"I am sorry for this.",chess
"GREATEST CHESS MOVE EVER PLAYED!!!!!",chess
"Pragg and Vaishaliâ€™s MOTHER is ALWAYS there for Her GRANDMASTER KIDS",chess
"what lego chess looks like",chess
"When Opponent makes 2 ILLEGAL MOVES in a Row! #shorts",chess
"Pragg & Vaishali Create History in Chess! #shorts",chess
"I BECAME A CHESS GRANDMASTER",chess
"Chess Legends: Top 100 Chess Players of All Time",chess
"A. Indichenko (1802) vs Tweedledum (1311). Chess Fight Night. CFN. Rapid",chess
"She Couldnâ€™t Believe This Was Her Opponent #fyp #foryou #chess #shorts #trendingsong",chess
"Who has the FASTEST Mouse In Chess? ğŸƒ",chess
"Ding Liren vs Gukesh | Game 3 | FIDE World Championship Match 2024 | Ft. Sagar, Tania and Samay",chess
"Magnus watches Vaishali and Praggnanandhaa #shorts #chess",chess
"Gukesh is the world championship challenger #chess #gukesh",chess
"The Greatest Chess Player You Never Heard Of",chess
"Dance India Dance ğŸ”¥ğŸ˜ #viditgujrathi #chess",chess
"Tweedledum (1537) vs S. Pasyukov (1554). Chess Fight Night. CFN. Blitz",chess
"Meet 16 Years Old Game Changer Chess Player R Pragnanandha | Instagyan #shorts",chess
"ğŸ¦ Magnus Carlsen vs Hikaru Nakamura || Norway Chess 2024  #hikarunakamura #magnuscarlsen",chess
"You Can Win 80% Games With This Opening Against 1.e4",chess
"Halloween Gambit ACTUALLY DOMINATES | Chess Openings",chess
"INTENSE Over-the-Board Time Scramble vs a Chess.com Opponent! (ChessUp 2)",chess
"How to Play Chess | For beginners | Chess in Tamil | imw",chess
"Magnus Carlsen's beautifully intuitive exchange sacrifice | Dragnev vs Carlsen | Chess Olympiad 2024",chess
"No Eye Contact Before The Game at Chess Olympiad ft. Tania Sachdev! #chess #shorts",chess
"When You CHECKMATE In ONE MOVE | Chess Memes",chess
"NEW SERIES: Chess Steps!",chess
"Fearless chessğŸ”¥ #chess #chessbaseindia #chessgame",chess
"3 Mind-Blowing Games that will change how you look at Chess",chess
"The World's Most Arrogant Chess Player",chess
"What is Chess ? How to play Chess ? Sathuranga Vettai #shorts #tamil #tamilfacts #shylajabasker",chess
"When Drunk Magnus Carlsen Defeated a Chess Master",chess
"ğŸ¦ Magnus Carlsen vs Hikaru Nakamura | Global Chess League 2024  #hikarunakamura #magnuscarlsen",chess
"Chess - Road to 1500 Elo",chess
"Chess Civilization: THE MOVIE",chess
"TAY ROC VS CHESS (FULL BATTLE)",chess
"World's largest chess board | Magnus vs Vishy vs Anish | Norway Chess",chess
"How India became NO 1 in CHESS | Abhi and Niyu",chess
"EASILY Beat Cheap Opening Threats | Chess Rating Climb 875 to 907",chess
"The most awaited clash in Kolkata | Pragg vs Magnus Carlsen | Tata Steel Chess India Blitz 2024",chess
"Magnus Carlsen Chess Bots Are TERRIFYING.",chess
"50 PAWNS VS 5 QUEENS | Chess Memes #17",chess
"Beat Me at Chess, Win $100",chess
"Life is like a chess game, with countless changes.#puzzle#iq#iqtest",chess
"Mastering Chess Basics: A Complete Guide in Telugu",chess
"Undercover Carlsen SHOCKS Grandmaster in Legendary chess game",chess
"Peruvian Immortal | Legendary Chess Masterpiece",chess
"999,999 ELO CHESS BOT!!!!",chess
"Automatic Transforming Pawn #chess #3dprinting #engineering",chess
"Gukesh's greatest chess endgame ever | Gukesh vs Wei Yi | India vs China",chess
"Guy in Random Chess Tournament Says He's 2700 Rated",chess
"ASMR UNBOXING: The Chess Board of Tomorrow â™” ChessUp 2",chess
"What A Game! Carlsen vs Praggnanandhaa | Tata Steel Chess India Blitz 2024",chess
"Chess Opening Rules in Hindi | Tips for Beginners",chess
"I Discovered an Unrated Chess Genius in a Small Bar",chess
"Tweedledum (1389) vs D. Shved (1388). Chess Fight Night. CFN. Rapid",chess
"I Played Alexandra Botez In a CLASSICAL CHESS TOURNAMENT!!!!",chess
"Can I Beat Karpov's Chess Computer Before You Fall Asleep? â™” ASMR",chess
"The illegal move tradition at Tata Steel Chess India continues! Humpy vs Divya",chess
"1,000,000 ELO MARTIN CHESS BOT!!!!!",chess
"ğŸ¦ Carlsen's strategic brilliance!! Magnus Carlsen vs Praggnanandhaa. Norway Chess 2024",chess
"German Yunker (Tweedledum) (1739) - Night Blitz 27/10 - Yunker Chess & CO",chess
"Praggnanandhaa stuns Magnus Carlsen | First win in Classical Chess | Norway Chess 2024",chess
"How To Play CHESS in Hindi for Beginners (2024 Rules) ProfessorChess",chess
"Father Wants REVENGE After I Beat His Daughter In Chess...",chess
"Arjun Erigaisi crushes Magnus Carlsen in just 20 moves | Tata Steel Chess India Blitz 2024",chess
"Ding Chilling | 1 Hour Of LoFi Beats To Relax/Play Chess To",chess
"How to win Chess in 5 min ? à¤šà¥‡à¤¸ à¤œà¥€à¤¤à¥‡ à¤¸à¤¿à¤°à¥à¤« 5 à¤®à¤¿à¤¨à¤¿à¤Ÿ à¤®à¥‡à¤‚  !!",chess
"[FREE] afrojazz + discoplug type beat "chess" [prod. joyful ]",chess
"17-year-old stuns Magnus Carlsen | Gukesh vs Carlsen | Freestyle Chess | Commentary by Sagar",chess
"PM Modi interacts with Chess Champs, shares â€˜wonderfulâ€™ moments",chess
"The Greatest Chess Endgame ever | Vishy Anand vs Magnus Carlsen | Global Chess League 2023",chess
"The most thrilling Nakamura vs Carlsen encounter | Norway Chess 2024 Armageddon",chess
"My Mom Played The Female World Chess Champion!!!!!!!",chess
"ğŸ¦ Brilliant Kasparov vs Hikaru's Incredible Speed |Garry Kasparov vs Hikaru Nakamura, St. Louis 2017",chess
"Stockfish 17 vs Chess.com Maximum | CheckmateğŸ¤©ğŸ”¥ #chess #chesscom #chessgame",chess
